{
  "0": [
    0.07504629343748093,
    0.924953281879425,
    0.0
  ],
  "1": [
    0.1454402357339859,
    0.8545594811439514,
    0.0
  ],
  "2": [
    0.252512663602829,
    0.7474873661994934,
    0.0
  ],
  "3": [
    0.15378674864768982,
    0.8462132215499878,
    0.0
  ],
  "4": [
    0.16343453526496887,
    0.8365656733512878,
    0.0
  ],
  "5": [
    0.7197810411453247,
    0.28021901845932007,
    0.0
  ],
  "6": [
    0.5793114304542542,
    0.420688658952713,
    0.0
  ],
  "7": [
    0.542131245136261,
    0.45786869525909424,
    0.0
  ],
  "8": [
    0.6181660890579224,
    0.38183391094207764,
    0.0
  ],
  "9": [
    0.5632873177528381,
    0.43671277165412903,
    0.0
  ],
  "10": [
    0.5537863969802856,
    0.44621360301971436,
    0.0
  ],
  "11": [
    0.5720825791358948,
    0.42791759967803955,
    0.0
  ],
  "12": [
    0.547904372215271,
    0.452095627784729,
    0.0
  ],
  "13": [
    0.4945204555988312,
    0.5054795742034912,
    0.0
  ],
  "14": [
    0.6259635090827942,
    0.3740362823009491,
    0.0
  ],
  "15": [
    0.535668671131134,
    0.46433132886886597,
    0.0
  ],
  "16": [
    0.545181393623352,
    0.4548185169696808,
    0.0
  ],
  "17": [
    0.5673839449882507,
    0.43261605501174927,
    0.0
  ],
  "18": [
    0.4720320403575897,
    0.5279680490493774,
    0.0
  ],
  "19": [
    0.5261808633804321,
    0.47381913661956787,
    0.0
  ],
  "20": [
    0.5849819779396057,
    0.41501808166503906,
    0.0
  ],
  "21": [
    0.5945217609405518,
    0.4054781496524811,
    0.0
  ],
  "22": [
    0.7032608389854431,
    0.2967389225959778,
    0.0
  ],
  "23": [
    0.6735885739326477,
    0.32641106843948364,
    0.0
  ],
  "24": [
    0.6530637145042419,
    0.34693643450737,
    0.0
  ],
  "25": [
    0.5544552803039551,
    0.44554463028907776,
    0.0
  ],
  "26": [
    0.7077964544296265,
    0.2922033965587616,
    0.0
  ]
}