{
  "0": [
    0.12471550703048706,
    0.87528395652771,
    0.0
  ],
  "1": [
    0.21104848384857178,
    0.7889518737792969,
    0.0
  ],
  "2": [
    0.3488318622112274,
    0.6511683464050293,
    0.0
  ],
  "3": [
    0.2037111073732376,
    0.7962892055511475,
    0.0
  ],
  "4": [
    0.22930172085762024,
    0.7706983089447021,
    0.0
  ],
  "5": [
    0.8229857683181763,
    0.17701414227485657,
    0.0
  ],
  "6": [
    0.6377225518226624,
    0.36227765679359436,
    0.0
  ],
  "7": [
    0.6221660375595093,
    0.3778339624404907,
    0.0
  ],
  "8": [
    0.7086367011070251,
    0.2913632392883301,
    0.0
  ],
  "9": [
    0.6820723414421082,
    0.31792742013931274,
    0.0
  ],
  "10": [
    0.6401818990707397,
    0.35981786251068115,
    0.0
  ],
  "11": [
    0.679017961025238,
    0.3209819793701172,
    0.0
  ],
  "12": [
    0.675203263759613,
    0.3247964680194855,
    0.0
  ],
  "13": [
    0.6432978510856628,
    0.35670217871665955,
    0.0
  ],
  "14": [
    0.7750990390777588,
    0.22490066289901733,
    0.0
  ],
  "15": [
    0.6858417987823486,
    0.3141583502292633,
    0.0
  ],
  "16": [
    0.7016459703445435,
    0.2983539402484894,
    0.0
  ],
  "17": [
    0.72414630651474,
    0.27585384249687195,
    0.0
  ],
  "18": [
    0.6151338815689087,
    0.3848661482334137,
    0.0
  ],
  "19": [
    0.6913563013076782,
    0.3086439371109009,
    0.0
  ],
  "20": [
    0.7398026585578918,
    0.26019760966300964,
    0.0
  ],
  "21": [
    0.6864175796508789,
    0.3135828375816345,
    0.0
  ],
  "22": [
    0.8311197757720947,
    0.16888068616390228,
    0.0
  ],
  "23": [
    0.7430465221405029,
    0.25695371627807617,
    0.0
  ],
  "24": [
    0.7423800826072693,
    0.2576198875904083,
    0.0
  ],
  "25": [
    0.6247611045837402,
    0.375238835811615,
    0.0
  ],
  "26": [
    0.8034663200378418,
    0.19653378427028656,
    0.0
  ]
}