{
  "0": [
    0.12010065466165543,
    0.8178398013114929,
    0.06205923482775688
  ],
  "1": [
    0.14845550060272217,
    0.7577353715896606,
    0.09380907565355301
  ],
  "2": [
    0.11814680695533752,
    0.6754254698753357,
    0.20642773807048798
  ],
  "3": [
    0.11435145884752274,
    0.7617173194885254,
    0.12393112480640411
  ],
  "4": [
    0.04752456024289131,
    0.25223106145858765,
    0.7002443671226501
  ],
  "5": [
    0.07097551226615906,
    0.246650829911232,
    0.682373583316803
  ],
  "6": [
    0.054935794323682785,
    0.38350793719291687,
    0.5615561604499817
  ],
  "7": [
    0.07364284992218018,
    0.40988394618034363,
    0.5164730548858643
  ],
  "8": [
    0.0970521867275238,
    0.3376924693584442,
    0.5652554035186768
  ],
  "9": [
    0.1355462372303009,
    0.41764768958091736,
    0.44680583477020264
  ],
  "10": [
    0.06920752674341202,
    0.41370701789855957,
    0.5170854926109314
  ],
  "11": [
    0.09772301465272903,
    0.41491445899009705,
    0.48736244440078735
  ],
  "12": [
    0.1198340654373169,
    0.4171261489391327,
    0.46303972601890564
  ],
  "13": [
    0.13587914407253265,
    0.4954049587249756,
    0.3687160015106201
  ],
  "14": [
    0.18429388105869293,
    0.338382363319397,
    0.4773237109184265
  ],
  "15": [
    0.09988594055175781,
    0.45106908679008484,
    0.44904494285583496
  ],
  "16": [
    0.15240207314491272,
    0.4302194118499756,
    0.41737857460975647
  ],
  "17": [
    0.09593318402767181,
    0.389215350151062,
    0.5148516297340393
  ],
  "18": [
    0.09235434234142303,
    0.49215057492256165,
    0.41549503803253174
  ],
  "19": [
    0.1377851366996765,
    0.4376196563243866,
    0.4245954155921936
  ],
  "20": [
    0.10000162571668625,
    0.38571834564208984,
    0.5142801403999329
  ],
  "21": [
    0.09995708614587784,
    0.3894578516483307,
    0.5105853080749512
  ],
  "22": [
    0.11471602320671082,
    0.27025285363197327,
    0.6150312423706055
  ],
  "23": [
    0.09129372984170914,
    0.289855420589447,
    0.6188507676124573
  ],
  "24": [
    0.07814504951238632,
    0.2722075581550598,
    0.6496474146842957
  ],
  "25": [
    0.09086985141038895,
    0.3464331328868866,
    0.5626968145370483
  ],
  "26": [
    0.10651068389415741,
    0.27520322799682617,
    0.6182859539985657
  ]
}