{
  "0": [
    0.10198505222797394,
    0.8980150818824768,
    0.0
  ],
  "1": [
    0.19663140177726746,
    0.8033686280250549,
    0.0
  ],
  "2": [
    0.2953093945980072,
    0.7046903967857361,
    0.0
  ],
  "3": [
    0.19200493395328522,
    0.8079949021339417,
    0.0
  ],
  "4": [
    0.1789838671684265,
    0.8210158944129944,
    0.0
  ],
  "5": [
    0.773882269859314,
    0.22611801326274872,
    0.0
  ],
  "6": [
    0.6315591931343079,
    0.3684406280517578,
    0.0
  ],
  "7": [
    0.5974915027618408,
    0.40250858664512634,
    0.0
  ],
  "8": [
    0.662118673324585,
    0.3378813564777374,
    0.0
  ],
  "9": [
    0.638651430606842,
    0.36134833097457886,
    0.0
  ],
  "10": [
    0.618536114692688,
    0.38146400451660156,
    0.0
  ],
  "11": [
    0.6322920322418213,
    0.36770784854888916,
    0.0
  ],
  "12": [
    0.618126392364502,
    0.3818734884262085,
    0.0
  ],
  "13": [
    0.5907820463180542,
    0.4092180132865906,
    0.0
  ],
  "14": [
    0.7226918935775757,
    0.27730807662010193,
    0.0
  ],
  "15": [
    0.6357837915420532,
    0.3642160892486572,
    0.0
  ],
  "16": [
    0.6348117589950562,
    0.3651880919933319,
    0.0
  ],
  "17": [
    0.640579104423523,
    0.35942092537879944,
    0.0
  ],
  "18": [
    0.5420118570327759,
    0.45798826217651367,
    0.0
  ],
  "19": [
    0.6126420497894287,
    0.387358158826828,
    0.0
  ],
  "20": [
    0.6507854461669922,
    0.3492148816585541,
    0.0
  ],
  "21": [
    0.6363508105278015,
    0.3636491000652313,
    0.0
  ],
  "22": [
    0.7646119594573975,
    0.23538820445537567,
    0.0
  ],
  "23": [
    0.7205276489257812,
    0.2794721722602844,
    0.0
  ],
  "24": [
    0.7002725601196289,
    0.2997272312641144,
    0.0
  ],
  "25": [
    0.5957769155502319,
    0.4042232632637024,
    0.0
  ],
  "26": [
    0.7515257000923157,
    0.24847428500652313,
    0.0
  ]
}