{
  "0": [
    0.2191462218761444,
    0.668440043926239,
    0.11241374164819717
  ],
  "1": [
    0.24956011772155762,
    0.6104732155799866,
    0.13996677100658417
  ],
  "2": [
    0.16936150193214417,
    0.5367031097412109,
    0.2939354181289673
  ],
  "3": [
    0.16388274729251862,
    0.6747922897338867,
    0.16132467985153198
  ],
  "4": [
    0.0532589927315712,
    0.21565569937229156,
    0.7310853004455566
  ],
  "5": [
    0.07514403015375137,
    0.14416110515594482,
    0.7806946635246277
  ],
  "6": [
    0.06431525200605392,
    0.3025806248188019,
    0.633104145526886
  ],
  "7": [
    0.09698782861232758,
    0.32417091727256775,
    0.5788410902023315
  ],
  "8": [
    0.12141621112823486,
    0.22431986033916473,
    0.6542636752128601
  ],
  "9": [
    0.17542119324207306,
    0.30301716923713684,
    0.521561861038208
  ],
  "10": [
    0.07848572731018066,
    0.31159088015556335,
    0.6099233031272888
  ],
  "11": [
    0.11988255381584167,
    0.28846538066864014,
    0.5916521549224854
  ],
  "12": [
    0.13512679934501648,
    0.2560625970363617,
    0.608810544013977
  ],
  "13": [
    0.18692435324192047,
    0.31197601556777954,
    0.5010994076728821
  ],
  "14": [
    0.2066786289215088,
    0.18102958798408508,
    0.6122919917106628
  ],
  "15": [
    0.1317353993654251,
    0.29184675216674805,
    0.5764176845550537
  ],
  "16": [
    0.18318791687488556,
    0.25127825140953064,
    0.5655335187911987
  ],
  "17": [
    0.11417429149150848,
    0.22917096316814423,
    0.6566548943519592
  ],
  "18": [
    0.10712084919214249,
    0.335464745759964,
    0.5574144721031189
  ],
  "19": [
    0.13836869597434998,
    0.2851656973361969,
    0.5764653086662292
  ],
  "20": [
    0.11093435436487198,
    0.24550628662109375,
    0.643559455871582
  ],
  "21": [
    0.11335566639900208,
    0.2897544801235199,
    0.596889853477478
  ],
  "22": [
    0.117999367415905,
    0.1274092197418213,
    0.754591703414917
  ],
  "23": [
    0.10886695235967636,
    0.19959604740142822,
    0.6915369629859924
  ],
  "24": [
    0.08494939655065536,
    0.1769501268863678,
    0.738100528717041
  ],
  "25": [
    0.09941761940717697,
    0.2643527388572693,
    0.6362297534942627
  ],
  "26": [
    0.11974361538887024,
    0.18020404875278473,
    0.7000526189804077
  ]
}