{
  "0": [
    0.166366845369339,
    0.7108868956565857,
    0.12274615466594696
  ],
  "1": [
    0.18291571736335754,
    0.666421115398407,
    0.15066345036029816
  ],
  "2": [
    0.11581769585609436,
    0.609281063079834,
    0.2749011516571045
  ],
  "3": [
    0.11107008904218674,
    0.7150130271911621,
    0.17391690611839294
  ],
  "4": [
    0.04055388644337654,
    0.2346133589744568,
    0.7248325943946838
  ],
  "5": [
    0.05871770158410072,
    0.21183094382286072,
    0.7294512987136841
  ],
  "6": [
    0.043794188648462296,
    0.3355404734611511,
    0.6206652522087097
  ],
  "7": [
    0.06781387329101562,
    0.3676421642303467,
    0.5645438432693481
  ],
  "8": [
    0.10115309804677963,
    0.3032163083553314,
    0.5956305265426636
  ],
  "9": [
    0.14347589015960693,
    0.3673064708709717,
    0.48921748995780945
  ],
  "10": [
    0.0613895058631897,
    0.3625811040401459,
    0.5760290622711182
  ],
  "11": [
    0.09513185918331146,
    0.37877193093299866,
    0.526096522808075
  ],
  "12": [
    0.10253559798002243,
    0.3635280430316925,
    0.5339362621307373
  ],
  "13": [
    0.14699983596801758,
    0.4168332815170288,
    0.43616706132888794
  ],
  "14": [
    0.1787610501050949,
    0.27913108468055725,
    0.542107880115509
  ],
  "15": [
    0.09863521158695221,
    0.37076854705810547,
    0.5305963158607483
  ],
  "16": [
    0.15734000504016876,
    0.35595813393592834,
    0.4867018461227417
  ],
  "17": [
    0.0872892364859581,
    0.3284794092178345,
    0.5842312574386597
  ],
  "18": [
    0.08805825561285019,
    0.4333049952983856,
    0.478636771440506
  ],
  "19": [
    0.11827824264764786,
    0.39380404353141785,
    0.4879177212715149
  ],
  "20": [
    0.0859726071357727,
    0.3333624005317688,
    0.5806653499603271
  ],
  "21": [
    0.09038173407316208,
    0.35683903098106384,
    0.5527792572975159
  ],
  "22": [
    0.09047607332468033,
    0.2320527285337448,
    0.6774709820747375
  ],
  "23": [
    0.07862275093793869,
    0.25871244072914124,
    0.6626647710800171
  ],
  "24": [
    0.0718536227941513,
    0.23092056810855865,
    0.6972257494926453
  ],
  "25": [
    0.08012969046831131,
    0.31281331181526184,
    0.6070570945739746
  ],
  "26": [
    0.09283428639173508,
    0.25162273645401,
    0.6555429697036743
  ]
}